{
  "model": "xgboost",
  "threshold": 0.1359,
  "best_params": {
    "n_estimators": 500,
    "max_depth": 5,
    "learning_rate": 0.010269718605399705,
    "subsample": 0.8660131482949426,
    "colsample_bytree": 0.8534901076139763,
    "reg_alpha": 8.516463066491741e-08,
    "reg_lambda": 4.6131843337315464e-05,
    "scale_pos_weight": 7.9,
    "eval_metric": "aucpr",
    "random_state": 42,
    "n_jobs": -1
  },
  "test_metrics": {
    "accuracy": 0.123,
    "precision": 0.1136,
    "recall": 0.9971,
    "f1": 0.204,
    "roc_auc": 0.8233,
    "pr_auc": 0.4896,
    "log_loss": 0.4855,
    "mcc": 0.0278,
    "brier_score": 0.1497
  }
}