{
  "model": "xgboost",
  "threshold": 0.1631,
  "best_params": {
    "n_estimators": 200,
    "max_depth": 6,
    "learning_rate": 0.015916805268138646,
    "subsample": 0.7810543098204132,
    "colsample_bytree": 0.6654569577305892,
    "reg_alpha": 2.441955813223002e-06,
    "reg_lambda": 1.5083755815422595,
    "scale_pos_weight": 7.9,
    "eval_metric": "aucpr",
    "random_state": 42,
    "n_jobs": -1
  },
  "test_metrics": {
    "accuracy": 0.1226,
    "precision": 0.1135,
    "recall": 0.9971,
    "f1": 0.2039,
    "roc_auc": 0.8245,
    "pr_auc": 0.4917,
    "brier_score": 0.1505
  }
}