{
  "model": "xgboost",
  "threshold": 0.1359,
  "best_params": {
    "n_estimators": 300,
    "max_depth": 4,
    "learning_rate": 0.021073214268168834,
    "subsample": 0.6464416259521574,
    "colsample_bytree": 0.723660409451628,
    "reg_alpha": 1.1505560299738973,
    "reg_lambda": 0.19981594769348018,
    "scale_pos_weight": 7.9,
    "eval_metric": "aucpr",
    "random_state": 42,
    "n_jobs": -1
  },
  "test_metrics": {
    "accuracy": 0.1209,
    "precision": 0.1134,
    "recall": 0.9971,
    "f1": 0.2036,
    "roc_auc": 0.8203,
    "pr_auc": 0.4873,
    "brier_score": 0.152
  }
}